sdk:post-test|0.014800000004470348
sdk:automate:hub-management|1830.1080000000075
sdk:setup|3614.8573999998625
sdk:pre-test|24.162800000049174
sdk:cli:on-bootstrap|10.371799999848008
sdk:post-test|0.009799999883398414
sdk:automate:hub-management|1927.1954000000842
sdk:setup|3267.1800999999978
sdk:pre-test|4.168400000082329
sdk:cli:on-bootstrap|18.345200000097975
sdk:post-test|0.025299999862909317
sdk:automate:hub-management|1970.5606999993324
sdk:setup|3349.7852999996394
sdk:pre-test|23.92960000038147
sdk:cli:on-bootstrap|14.429399998858571
sdk:post-test|0.028999999165534973
sdk:automate:hub-management|2029.3336999975145
sdk:driver:pre-initialization|0.9653000012040138
sdk:driver:get|1.6213000006973743
sdk:setup|3377.7791000008583
sdk:pre-test|4.378299999982119
sdk:cli:on-bootstrap|19.303599998354912
sdk:driver:post-initialization|83.08859999850392
sdk:post-test|0.04619999974966049
sdk:automate:hub-management|2022.9489000029862
sdk:driver:pre-initialization|0.9506000019609928
sdk:driver:get|1.5839000009000301
sdk:setup|3740.8863000012934
sdk:pre-test|4.289000000804663
sdk:cli:on-bootstrap|29.625199999660254
sdk:driver:post-initialization|43.55480000004172
sdk:post-test|0.009400002658367157
sdk:automate:hub-management|2535.8808999992907
sdk:driver:pre-initialization|1.1867999993264675
sdk:driver:get|1.814300000667572
sdk:setup|4045.147500000894
sdk:pre-test|5.715600002557039
sdk:cli:on-bootstrap|10.79900000244379
sdk:driver:post-initialization|43.717700000852346
sdk:post-test|0.031199999153614044
sdk:automate:hub-management|3830.876099999994
sdk:driver:pre-initialization|1.0064000003039837
sdk:driver:get|1.6333000026643276
sdk:setup|5144.321299999952
sdk:pre-test|4.137499999254942
sdk:cli:on-bootstrap|12.736700002104044
sdk:driver:post-initialization|33.476100001484156
sdk:post-test|0.026000000536441803
sdk:automate:hub-management|2586.4208999983966
sdk:driver:pre-initialization|0.9013000018894672
sdk:driver:get|1.52589999884367
sdk:setup|4004.988900002092
sdk:pre-test|4.371300000697374
sdk:cli:on-bootstrap|31.98020000010729
sdk:driver:post-initialization|40.3619000017643
